,CODI EOI,CODI INE,NOM ESTACIO,AREA URBANA,MUNICIPI,LATITUD,LONGITUD,ALTITUD,DATA,YEAR,MONTH,DAY,HOUR,OBSERVATION
0,43171001,43171,Vila-seca,peri-urban,Vila-seca,41.111956,1.151943,41,2016-07-15,2016,7,15,1,5.0
1,43171001,43171,Vila-seca,peri-urban,Vila-seca,41.111956,1.151943,41,2016-07-15,2016,7,15,2,4.0
2,43171001,43171,Vila-seca,peri-urban,Vila-seca,41.111956,1.151943,41,2016-07-15,2016,7,15,3,2.0
3,43171001,43171,Vila-seca,peri-urban,Vila-seca,41.111956,1.151943,41,2016-07-15,2016,7,15,4,2.0
4,43171001,43171,Vila-seca,peri-urban,Vila-seca,41.111956,1.151943,41,2016-07-15,2016,7,15,5,2.0
5,43171001,43171,Vila-seca,peri-urban,Vila-seca,41.111956,1.151943,41,2016-07-15,2016,7,15,6,2.0
6,43171001,43171,Vila-seca,peri-urban,Vila-seca,41.111956,1.151943,41,2016-07-15,2016,7,15,7,3.0
7,43171001,43171,Vila-seca,peri-urban,Vila-seca,41.111956,1.151943,41,2016-07-15,2016,7,15,8,3.0
8,43171001,43171,Vila-seca,peri-urban,Vila-seca,41.111956,1.151943,41,2016-07-15,2016,7,15,9,3.0
9,43171001,43171,Vila-seca,peri-urban,Vila-seca,41.111956,1.151943,41,2016-07-15,2016,7,15,10,3.0
10,43171001,43171,Vila-seca,peri-urban,Vila-seca,41.111956,1.151943,41,2016-07-15,2016,7,15,11,3.0
11,43171001,43171,Vila-seca,peri-urban,Vila-seca,41.111956,1.151943,41,2016-07-15,2016,7,15,12,3.0
12,43171001,43171,Vila-seca,peri-urban,Vila-seca,41.111956,1.151943,41,2016-07-15,2016,7,15,13,4.0
13,43171001,43171,Vila-seca,peri-urban,Vila-seca,41.111956,1.151943,41,2016-07-15,2016,7,15,14,4.0
14,43171001,43171,Vila-seca,peri-urban,Vila-seca,41.111956,1.151943,41,2016-07-15,2016,7,15,15,4.0
15,43171001,43171,Vila-seca,peri-urban,Vila-seca,41.111956,1.151943,41,2016-07-15,2016,7,15,16,4.0
16,43171001,43171,Vila-seca,peri-urban,Vila-seca,41.111956,1.151943,41,2016-07-15,2016,7,15,17,4.0
17,43171001,43171,Vila-seca,peri-urban,Vila-seca,41.111956,1.151943,41,2016-07-15,2016,7,15,18,5.0
18,43171001,43171,Vila-seca,peri-urban,Vila-seca,41.111956,1.151943,41,2016-07-15,2016,7,15,19,5.0
19,43171001,43171,Vila-seca,peri-urban,Vila-seca,41.111956,1.151943,41,2016-07-15,2016,7,15,20,5.0
20,43171001,43171,Vila-seca,peri-urban,Vila-seca,41.111956,1.151943,41,2016-07-15,2016,7,15,21,4.0
21,43171001,43171,Vila-seca,peri-urban,Vila-seca,41.111956,1.151943,41,2016-07-15,2016,7,15,22,5.0
22,43171001,43171,Vila-seca,peri-urban,Vila-seca,41.111956,1.151943,41,2016-07-15,2016,7,15,23,6.0
23,43171001,43171,Vila-seca,peri-urban,Vila-seca,41.111956,1.151943,41,2016-07-15,2016,7,15,0,7.0
24,43171001,43171,Vila-seca,peri-urban,Vila-seca,41.111956,1.151943,41,2016-07-14,2016,7,14,1,1.0
25,43171001,43171,Vila-seca,peri-urban,Vila-seca,41.111956,1.151943,41,2016-07-14,2016,7,14,2,1.0
26,43171001,43171,Vila-seca,peri-urban,Vila-seca,41.111956,1.151943,41,2016-07-14,2016,7,14,3,1.0
27,43171001,43171,Vila-seca,peri-urban,Vila-seca,41.111956,1.151943,41,2016-07-14,2016,7,14,4,2.0
28,43171001,43171,Vila-seca,peri-urban,Vila-seca,41.111956,1.151943,41,2016-07-14,2016,7,14,5,2.0
29,43171001,43171,Vila-seca,peri-urban,Vila-seca,41.111956,1.151943,41,2016-07-14,2016,7,14,6,2.0
30,43171001,43171,Vila-seca,peri-urban,Vila-seca,41.111956,1.151943,41,2016-07-14,2016,7,14,7,2.0
31,43171001,43171,Vila-seca,peri-urban,Vila-seca,41.111956,1.151943,41,2016-07-14,2016,7,14,8,2.0
32,43171001,43171,Vila-seca,peri-urban,Vila-seca,41.111956,1.151943,41,2016-07-14,2016,7,14,9,3.0
33,43171001,43171,Vila-seca,peri-urban,Vila-seca,41.111956,1.151943,41,2016-07-14,2016,7,14,10,3.0
34,43171001,43171,Vila-seca,peri-urban,Vila-seca,41.111956,1.151943,41,2016-07-14,2016,7,14,11,2.0
35,43171001,43171,Vila-seca,peri-urban,Vila-seca,41.111956,1.151943,41,2016-07-14,2016,7,14,12,2.0
36,43171001,43171,Vila-seca,peri-urban,Vila-seca,41.111956,1.151943,41,2016-07-14,2016,7,14,13,2.0
37,43171001,43171,Vila-seca,peri-urban,Vila-seca,41.111956,1.151943,41,2016-07-14,2016,7,14,14,2.0
38,43171001,43171,Vila-seca,peri-urban,Vila-seca,41.111956,1.151943,41,2016-07-14,2016,7,14,15,2.0
39,43171001,43171,Vila-seca,peri-urban,Vila-seca,41.111956,1.151943,41,2016-07-14,2016,7,14,16,1.0
40,43171001,43171,Vila-seca,peri-urban,Vila-seca,41.111956,1.151943,41,2016-07-14,2016,7,14,17,1.0
41,43171001,43171,Vila-seca,peri-urban,Vila-seca,41.111956,1.151943,41,2016-07-14,2016,7,14,18,2.0
42,43171001,43171,Vila-seca,peri-urban,Vila-seca,41.111956,1.151943,41,2016-07-14,2016,7,14,19,3.0
43,43171001,43171,Vila-seca,peri-urban,Vila-seca,41.111956,1.151943,41,2016-07-14,2016,7,14,20,4.0
44,43171001,43171,Vila-seca,peri-urban,Vila-seca,41.111956,1.151943,41,2016-07-14,2016,7,14,21,4.0
45,43171001,43171,Vila-seca,peri-urban,Vila-seca,41.111956,1.151943,41,2016-07-14,2016,7,14,22,2.0
46,43171001,43171,Vila-seca,peri-urban,Vila-seca,41.111956,1.151943,41,2016-07-14,2016,7,14,23,3.0
47,43171001,43171,Vila-seca,peri-urban,Vila-seca,41.111956,1.151943,41,2016-07-14,2016,7,14,0,4.0
48,43171001,43171,Vila-seca,peri-urban,Vila-seca,41.111956,1.151943,41,2016-07-13,2016,7,13,1,6.0
49,43171001,43171,Vila-seca,peri-urban,Vila-seca,41.111956,1.151943,41,2016-07-13,2016,7,13,2,4.0
50,43171001,43171,Vila-seca,peri-urban,Vila-seca,41.111956,1.151943,41,2016-07-13,2016,7,13,3,2.0
51,43171001,43171,Vila-seca,peri-urban,Vila-seca,41.111956,1.151943,41,2016-07-13,2016,7,13,4,3.0
52,43171001,43171,Vila-seca,peri-urban,Vila-seca,41.111956,1.151943,41,2016-07-13,2016,7,13,5,3.0
53,43171001,43171,Vila-seca,peri-urban,Vila-seca,41.111956,1.151943,41,2016-07-13,2016,7,13,6,2.0
54,43171001,43171,Vila-seca,peri-urban,Vila-seca,41.111956,1.151943,41,2016-07-13,2016,7,13,7,2.0
55,43171001,43171,Vila-seca,peri-urban,Vila-seca,41.111956,1.151943,41,2016-07-13,2016,7,13,8,2.0
56,43171001,43171,Vila-seca,peri-urban,Vila-seca,41.111956,1.151943,41,2016-07-13,2016,7,13,9,2.0
57,43171001,43171,Vila-seca,peri-urban,Vila-seca,41.111956,1.151943,41,2016-07-13,2016,7,13,10,2.0
58,43171001,43171,Vila-seca,peri-urban,Vila-seca,41.111956,1.151943,41,2016-07-13,2016,7,13,11,2.0
59,43171001,43171,Vila-seca,peri-urban,Vila-seca,41.111956,1.151943,41,2016-07-13,2016,7,13,12,2.0
60,43171001,43171,Vila-seca,peri-urban,Vila-seca,41.111956,1.151943,41,2016-07-13,2016,7,13,13,2.0
61,43171001,43171,Vila-seca,peri-urban,Vila-seca,41.111956,1.151943,41,2016-07-13,2016,7,13,14,2.0
62,43171001,43171,Vila-seca,peri-urban,Vila-seca,41.111956,1.151943,41,2016-07-13,2016,7,13,15,1.0
63,43171001,43171,Vila-seca,peri-urban,Vila-seca,41.111956,1.151943,41,2016-07-13,2016,7,13,16,1.0
64,43171001,43171,Vila-seca,peri-urban,Vila-seca,41.111956,1.151943,41,2016-07-13,2016,7,13,17,1.0
65,43171001,43171,Vila-seca,peri-urban,Vila-seca,41.111956,1.151943,41,2016-07-13,2016,7,13,18,1.0
66,43171001,43171,Vila-seca,peri-urban,Vila-seca,41.111956,1.151943,41,2016-07-13,2016,7,13,19,1.0
67,43171001,43171,Vila-seca,peri-urban,Vila-seca,41.111956,1.151943,41,2016-07-13,2016,7,13,20,1.0
68,43171001,43171,Vila-seca,peri-urban,Vila-seca,41.111956,1.151943,41,2016-07-13,2016,7,13,21,1.0
69,43171001,43171,Vila-seca,peri-urban,Vila-seca,41.111956,1.151943,41,2016-07-13,2016,7,13,22,1.0
70,43171001,43171,Vila-seca,peri-urban,Vila-seca,41.111956,1.151943,41,2016-07-13,2016,7,13,23,1.0
71,43171001,43171,Vila-seca,peri-urban,Vila-seca,41.111956,1.151943,41,2016-07-13,2016,7,13,0,1.0
72,43171001,43171,Vila-seca,peri-urban,Vila-seca,41.111956,1.151943,41,2016-07-12,2016,7,12,1,10.0
73,43171001,43171,Vila-seca,peri-urban,Vila-seca,41.111956,1.151943,41,2016-07-12,2016,7,12,2,12.0
74,43171001,43171,Vila-seca,peri-urban,Vila-seca,41.111956,1.151943,41,2016-07-12,2016,7,12,3,12.0
75,43171001,43171,Vila-seca,peri-urban,Vila-seca,41.111956,1.151943,41,2016-07-12,2016,7,12,4,12.0
76,43171001,43171,Vila-seca,peri-urban,Vila-seca,41.111956,1.151943,41,2016-07-12,2016,7,12,5,14.0
77,43171001,43171,Vila-seca,peri-urban,Vila-seca,41.111956,1.151943,41,2016-07-12,2016,7,12,6,14.0
78,43171001,43171,Vila-seca,peri-urban,Vila-seca,41.111956,1.151943,41,2016-07-12,2016,7,12,7,13.0
79,43171001,43171,Vila-seca,peri-urban,Vila-seca,41.111956,1.151943,41,2016-07-12,2016,7,12,8,12.0
80,43171001,43171,Vila-seca,peri-urban,Vila-seca,41.111956,1.151943,41,2016-07-12,2016,7,12,9,13.0
81,43171001,43171,Vila-seca,peri-urban,Vila-seca,41.111956,1.151943,41,2016-07-12,2016,7,12,10,8.0
82,43171001,43171,Vila-seca,peri-urban,Vila-seca,41.111956,1.151943,41,2016-07-12,2016,7,12,11,10.0
83,43171001,43171,Vila-seca,peri-urban,Vila-seca,41.111956,1.151943,41,2016-07-12,2016,7,12,12,12.0
84,43171001,43171,Vila-seca,peri-urban,Vila-seca,41.111956,1.151943,41,2016-07-12,2016,7,12,13,18.0
85,43171001,43171,Vila-seca,peri-urban,Vila-seca,41.111956,1.151943,41,2016-07-12,2016,7,12,14,31.0
86,43171001,43171,Vila-seca,peri-urban,Vila-seca,41.111956,1.151943,41,2016-07-12,2016,7,12,15,35.0
87,43171001,43171,Vila-seca,peri-urban,Vila-seca,41.111956,1.151943,41,2016-07-12,2016,7,12,16,15.0
88,43171001,43171,Vila-seca,peri-urban,Vila-seca,41.111956,1.151943,41,2016-07-12,2016,7,12,17,14.0
89,43171001,43171,Vila-seca,peri-urban,Vila-seca,41.111956,1.151943,41,2016-07-12,2016,7,12,18,14.0
90,43171001,43171,Vila-seca,peri-urban,Vila-seca,41.111956,1.151943,41,2016-07-12,2016,7,12,19,13.0
91,43171001,43171,Vila-seca,peri-urban,Vila-seca,41.111956,1.151943,41,2016-07-12,2016,7,12,20,8.0
92,43171001,43171,Vila-seca,peri-urban,Vila-seca,41.111956,1.151943,41,2016-07-12,2016,7,12,21,8.0
93,43171001,43171,Vila-seca,peri-urban,Vila-seca,41.111956,1.151943,41,2016-07-12,2016,7,12,22,8.0
94,43171001,43171,Vila-seca,peri-urban,Vila-seca,41.111956,1.151943,41,2016-07-12,2016,7,12,23,8.0
95,43171001,43171,Vila-seca,peri-urban,Vila-seca,41.111956,1.151943,41,2016-07-12,2016,7,12,0,8.0
96,43171001,43171,Vila-seca,peri-urban,Vila-seca,41.111956,1.151943,41,2016-07-11,2016,7,11,1,14.0
97,43171001,43171,Vila-seca,peri-urban,Vila-seca,41.111956,1.151943,41,2016-07-11,2016,7,11,2,17.0
98,43171001,43171,Vila-seca,peri-urban,Vila-seca,41.111956,1.151943,41,2016-07-11,2016,7,11,3,18.0
99,43171001,43171,Vila-seca,peri-urban,Vila-seca,41.111956,1.151943,41,2016-07-11,2016,7,11,4,16.0
100,43171001,43171,Vila-seca,peri-urban,Vila-seca,41.111956,1.151943,41,2016-07-11,2016,7,11,5,15.0
101,43171001,43171,Vila-seca,peri-urban,Vila-seca,41.111956,1.151943,41,2016-07-11,2016,7,11,6,16.0
102,43171001,43171,Vila-seca,peri-urban,Vila-seca,41.111956,1.151943,41,2016-07-11,2016,7,11,7,17.0
103,43171001,43171,Vila-seca,peri-urban,Vila-seca,41.111956,1.151943,41,2016-07-11,2016,7,11,8,19.0
104,43171001,43171,Vila-seca,peri-urban,Vila-seca,41.111956,1.151943,41,2016-07-11,2016,7,11,9,14.0
105,43171001,43171,Vila-seca,peri-urban,Vila-seca,41.111956,1.151943,41,2016-07-11,2016,7,11,10,14.0
106,43171001,43171,Vila-seca,peri-urban,Vila-seca,41.111956,1.151943,41,2016-07-11,2016,7,11,11,19.0
107,43171001,43171,Vila-seca,peri-urban,Vila-seca,41.111956,1.151943,41,2016-07-11,2016,7,11,12,35.0
108,43171001,43171,Vila-seca,peri-urban,Vila-seca,41.111956,1.151943,41,2016-07-11,2016,7,11,13,23.0
109,43171001,43171,Vila-seca,peri-urban,Vila-seca,41.111956,1.151943,41,2016-07-11,2016,7,11,14,27.0
110,43171001,43171,Vila-seca,peri-urban,Vila-seca,41.111956,1.151943,41,2016-07-11,2016,7,11,15,20.0
111,43171001,43171,Vila-seca,peri-urban,Vila-seca,41.111956,1.151943,41,2016-07-11,2016,7,11,16,20.0
112,43171001,43171,Vila-seca,peri-urban,Vila-seca,41.111956,1.151943,41,2016-07-11,2016,7,11,17,23.0
113,43171001,43171,Vila-seca,peri-urban,Vila-seca,41.111956,1.151943,41,2016-07-11,2016,7,11,18,16.0
114,43171001,43171,Vila-seca,peri-urban,Vila-seca,41.111956,1.151943,41,2016-07-11,2016,7,11,19,4.0
115,43171001,43171,Vila-seca,peri-urban,Vila-seca,41.111956,1.151943,41,2016-07-11,2016,7,11,20,8.0
116,43171001,43171,Vila-seca,peri-urban,Vila-seca,41.111956,1.151943,41,2016-07-11,2016,7,11,21,8.0
117,43171001,43171,Vila-seca,peri-urban,Vila-seca,41.111956,1.151943,41,2016-07-11,2016,7,11,22,9.0
118,43171001,43171,Vila-seca,peri-urban,Vila-seca,41.111956,1.151943,41,2016-07-11,2016,7,11,23,10.0
119,43171001,43171,Vila-seca,peri-urban,Vila-seca,41.111956,1.151943,41,2016-07-11,2016,7,11,0,9.0
120,43171001,43171,Vila-seca,peri-urban,Vila-seca,41.111956,1.151943,41,2016-07-10,2016,7,10,1,17.0
121,43171001,43171,Vila-seca,peri-urban,Vila-seca,41.111956,1.151943,41,2016-07-10,2016,7,10,2,13.0
122,43171001,43171,Vila-seca,peri-urban,Vila-seca,41.111956,1.151943,41,2016-07-10,2016,7,10,3,13.0
123,43171001,43171,Vila-seca,peri-urban,Vila-seca,41.111956,1.151943,41,2016-07-10,2016,7,10,4,14.0
124,43171001,43171,Vila-seca,peri-urban,Vila-seca,41.111956,1.151943,41,2016-07-10,2016,7,10,5,18.0
125,43171001,43171,Vila-seca,peri-urban,Vila-seca,41.111956,1.151943,41,2016-07-10,2016,7,10,6,17.0
126,43171001,43171,Vila-seca,peri-urban,Vila-seca,41.111956,1.151943,41,2016-07-10,2016,7,10,7,17.0
127,43171001,43171,Vila-seca,peri-urban,Vila-seca,41.111956,1.151943,41,2016-07-10,2016,7,10,8,13.0
128,43171001,43171,Vila-seca,peri-urban,Vila-seca,41.111956,1.151943,41,2016-07-10,2016,7,10,9,11.0
129,43171001,43171,Vila-seca,peri-urban,Vila-seca,41.111956,1.151943,41,2016-07-10,2016,7,10,10,14.0
130,43171001,43171,Vila-seca,peri-urban,Vila-seca,41.111956,1.151943,41,2016-07-10,2016,7,10,11,40.0
131,43171001,43171,Vila-seca,peri-urban,Vila-seca,41.111956,1.151943,41,2016-07-10,2016,7,10,12,35.0
132,43171001,43171,Vila-seca,peri-urban,Vila-seca,41.111956,1.151943,41,2016-07-10,2016,7,10,13,26.0
133,43171001,43171,Vila-seca,peri-urban,Vila-seca,41.111956,1.151943,41,2016-07-10,2016,7,10,14,28.0
134,43171001,43171,Vila-seca,peri-urban,Vila-seca,41.111956,1.151943,41,2016-07-10,2016,7,10,15,26.0
135,43171001,43171,Vila-seca,peri-urban,Vila-seca,41.111956,1.151943,41,2016-07-10,2016,7,10,16,30.0
136,43171001,43171,Vila-seca,peri-urban,Vila-seca,41.111956,1.151943,41,2016-07-10,2016,7,10,17,24.0
137,43171001,43171,Vila-seca,peri-urban,Vila-seca,41.111956,1.151943,41,2016-07-10,2016,7,10,18,19.0
138,43171001,43171,Vila-seca,peri-urban,Vila-seca,41.111956,1.151943,41,2016-07-10,2016,7,10,19,19.0
139,43171001,43171,Vila-seca,peri-urban,Vila-seca,41.111956,1.151943,41,2016-07-10,2016,7,10,20,15.0
140,43171001,43171,Vila-seca,peri-urban,Vila-seca,41.111956,1.151943,41,2016-07-10,2016,7,10,21,14.0
141,43171001,43171,Vila-seca,peri-urban,Vila-seca,41.111956,1.151943,41,2016-07-10,2016,7,10,22,8.0
142,43171001,43171,Vila-seca,peri-urban,Vila-seca,41.111956,1.151943,41,2016-07-10,2016,7,10,23,10.0
143,43171001,43171,Vila-seca,peri-urban,Vila-seca,41.111956,1.151943,41,2016-07-10,2016,7,10,0,11.0
144,43171001,43171,Vila-seca,peri-urban,Vila-seca,41.111956,1.151943,41,2016-07-09,2016,7,9,1,14.0
145,43171001,43171,Vila-seca,peri-urban,Vila-seca,41.111956,1.151943,41,2016-07-09,2016,7,9,2,10.0
146,43171001,43171,Vila-seca,peri-urban,Vila-seca,41.111956,1.151943,41,2016-07-09,2016,7,9,3,10.0
147,43171001,43171,Vila-seca,peri-urban,Vila-seca,41.111956,1.151943,41,2016-07-09,2016,7,9,4,10.0
148,43171001,43171,Vila-seca,peri-urban,Vila-seca,41.111956,1.151943,41,2016-07-09,2016,7,9,5,12.0
149,43171001,43171,Vila-seca,peri-urban,Vila-seca,41.111956,1.151943,41,2016-07-09,2016,7,9,6,13.0
150,43171001,43171,Vila-seca,peri-urban,Vila-seca,41.111956,1.151943,41,2016-07-09,2016,7,9,7,11.0
151,43171001,43171,Vila-seca,peri-urban,Vila-seca,41.111956,1.151943,41,2016-07-09,2016,7,9,8,13.0
152,43171001,43171,Vila-seca,peri-urban,Vila-seca,41.111956,1.151943,41,2016-07-09,2016,7,9,9,17.0
153,43171001,43171,Vila-seca,peri-urban,Vila-seca,41.111956,1.151943,41,2016-07-09,2016,7,9,10,8.0
154,43171001,43171,Vila-seca,peri-urban,Vila-seca,41.111956,1.151943,41,2016-07-09,2016,7,9,11,11.0
155,43171001,43171,Vila-seca,peri-urban,Vila-seca,41.111956,1.151943,41,2016-07-09,2016,7,9,12,8.0
156,43171001,43171,Vila-seca,peri-urban,Vila-seca,41.111956,1.151943,41,2016-07-09,2016,7,9,13,7.0
157,43171001,43171,Vila-seca,peri-urban,Vila-seca,41.111956,1.151943,41,2016-07-09,2016,7,9,14,6.0
158,43171001,43171,Vila-seca,peri-urban,Vila-seca,41.111956,1.151943,41,2016-07-09,2016,7,9,15,7.0
159,43171001,43171,Vila-seca,peri-urban,Vila-seca,41.111956,1.151943,41,2016-07-09,2016,7,9,16,7.0
160,43171001,43171,Vila-seca,peri-urban,Vila-seca,41.111956,1.151943,41,2016-07-09,2016,7,9,17,13.0
161,43171001,43171,Vila-seca,peri-urban,Vila-seca,41.111956,1.151943,41,2016-07-09,2016,7,9,18,22.0
162,43171001,43171,Vila-seca,peri-urban,Vila-seca,41.111956,1.151943,41,2016-07-09,2016,7,9,19,9.0
163,43171001,43171,Vila-seca,peri-urban,Vila-seca,41.111956,1.151943,41,2016-07-09,2016,7,9,20,13.0
164,43171001,43171,Vila-seca,peri-urban,Vila-seca,41.111956,1.151943,41,2016-07-09,2016,7,9,21,22.0
165,43171001,43171,Vila-seca,peri-urban,Vila-seca,41.111956,1.151943,41,2016-07-09,2016,7,9,22,14.0
166,43171001,43171,Vila-seca,peri-urban,Vila-seca,41.111956,1.151943,41,2016-07-09,2016,7,9,23,13.0
167,43171001,43171,Vila-seca,peri-urban,Vila-seca,41.111956,1.151943,41,2016-07-09,2016,7,9,0,14.0
168,43171001,43171,Vila-seca,peri-urban,Vila-seca,41.111956,1.151943,41,2016-07-08,2016,7,8,1,6.0
169,43171001,43171,Vila-seca,peri-urban,Vila-seca,41.111956,1.151943,41,2016-07-08,2016,7,8,2,6.0
170,43171001,43171,Vila-seca,peri-urban,Vila-seca,41.111956,1.151943,41,2016-07-08,2016,7,8,3,8.0
171,43171001,43171,Vila-seca,peri-urban,Vila-seca,41.111956,1.151943,41,2016-07-08,2016,7,8,4,10.0
172,43171001,43171,Vila-seca,peri-urban,Vila-seca,41.111956,1.151943,41,2016-07-08,2016,7,8,5,9.0
173,43171001,43171,Vila-seca,peri-urban,Vila-seca,41.111956,1.151943,41,2016-07-08,2016,7,8,6,10.0
174,43171001,43171,Vila-seca,peri-urban,Vila-seca,41.111956,1.151943,41,2016-07-08,2016,7,8,7,11.0
175,43171001,43171,Vila-seca,peri-urban,Vila-seca,41.111956,1.151943,41,2016-07-08,2016,7,8,8,9.0
176,43171001,43171,Vila-seca,peri-urban,Vila-seca,41.111956,1.151943,41,2016-07-08,2016,7,8,9,5.0
177,43171001,43171,Vila-seca,peri-urban,Vila-seca,41.111956,1.151943,41,2016-07-08,2016,7,8,10,4.0
178,43171001,43171,Vila-seca,peri-urban,Vila-seca,41.111956,1.151943,41,2016-07-08,2016,7,8,11,4.0
179,43171001,43171,Vila-seca,peri-urban,Vila-seca,41.111956,1.151943,41,2016-07-08,2016,7,8,12,3.0
180,43171001,43171,Vila-seca,peri-urban,Vila-seca,41.111956,1.151943,41,2016-07-08,2016,7,8,13,3.0
181,43171001,43171,Vila-seca,peri-urban,Vila-seca,41.111956,1.151943,41,2016-07-08,2016,7,8,14,5.0
182,43171001,43171,Vila-seca,peri-urban,Vila-seca,41.111956,1.151943,41,2016-07-08,2016,7,8,15,12.0
183,43171001,43171,Vila-seca,peri-urban,Vila-seca,41.111956,1.151943,41,2016-07-08,2016,7,8,16,16.0
184,43171001,43171,Vila-seca,peri-urban,Vila-seca,41.111956,1.151943,41,2016-07-08,2016,7,8,17,32.0
185,43171001,43171,Vila-seca,peri-urban,Vila-seca,41.111956,1.151943,41,2016-07-08,2016,7,8,18,15.0
186,43171001,43171,Vila-seca,peri-urban,Vila-seca,41.111956,1.151943,41,2016-07-08,2016,7,8,19,25.0
187,43171001,43171,Vila-seca,peri-urban,Vila-seca,41.111956,1.151943,41,2016-07-08,2016,7,8,20,9.0
188,43171001,43171,Vila-seca,peri-urban,Vila-seca,41.111956,1.151943,41,2016-07-08,2016,7,8,21,7.0
189,43171001,43171,Vila-seca,peri-urban,Vila-seca,41.111956,1.151943,41,2016-07-08,2016,7,8,22,9.0
190,43171001,43171,Vila-seca,peri-urban,Vila-seca,41.111956,1.151943,41,2016-07-08,2016,7,8,23,10.0
191,43171001,43171,Vila-seca,peri-urban,Vila-seca,41.111956,1.151943,41,2016-07-08,2016,7,8,0,17.0
192,43171001,43171,Vila-seca,peri-urban,Vila-seca,41.111956,1.151943,41,2016-07-07,2016,7,7,1,6.0
193,43171001,43171,Vila-seca,peri-urban,Vila-seca,41.111956,1.151943,41,2016-07-07,2016,7,7,2,7.0
194,43171001,43171,Vila-seca,peri-urban,Vila-seca,41.111956,1.151943,41,2016-07-07,2016,7,7,3,8.0
195,43171001,43171,Vila-seca,peri-urban,Vila-seca,41.111956,1.151943,41,2016-07-07,2016,7,7,4,9.0
196,43171001,43171,Vila-seca,peri-urban,Vila-seca,41.111956,1.151943,41,2016-07-07,2016,7,7,5,9.0
197,43171001,43171,Vila-seca,peri-urban,Vila-seca,41.111956,1.151943,41,2016-07-07,2016,7,7,6,11.0
198,43171001,43171,Vila-seca,peri-urban,Vila-seca,41.111956,1.151943,41,2016-07-07,2016,7,7,7,12.0
199,43171001,43171,Vila-seca,peri-urban,Vila-seca,41.111956,1.151943,41,2016-07-07,2016,7,7,8,13.0
200,43171001,43171,Vila-seca,peri-urban,Vila-seca,41.111956,1.151943,41,2016-07-07,2016,7,7,9,8.0
201,43171001,43171,Vila-seca,peri-urban,Vila-seca,41.111956,1.151943,41,2016-07-07,2016,7,7,10,5.0
202,43171001,43171,Vila-seca,peri-urban,Vila-seca,41.111956,1.151943,41,2016-07-07,2016,7,7,11,6.0
203,43171001,43171,Vila-seca,peri-urban,Vila-seca,41.111956,1.151943,41,2016-07-07,2016,7,7,12,6.0
204,43171001,43171,Vila-seca,peri-urban,Vila-seca,41.111956,1.151943,41,2016-07-07,2016,7,7,13,5.0
205,43171001,43171,Vila-seca,peri-urban,Vila-seca,41.111956,1.151943,41,2016-07-07,2016,7,7,14,5.0
206,43171001,43171,Vila-seca,peri-urban,Vila-seca,41.111956,1.151943,41,2016-07-07,2016,7,7,15,4.0
207,43171001,43171,Vila-seca,peri-urban,Vila-seca,41.111956,1.151943,41,2016-07-07,2016,7,7,16,4.0
208,43171001,43171,Vila-seca,peri-urban,Vila-seca,41.111956,1.151943,41,2016-07-07,2016,7,7,17,4.0
209,43171001,43171,Vila-seca,peri-urban,Vila-seca,41.111956,1.151943,41,2016-07-07,2016,7,7,18,4.0
210,43171001,43171,Vila-seca,peri-urban,Vila-seca,41.111956,1.151943,41,2016-07-07,2016,7,7,19,4.0
211,43171001,43171,Vila-seca,peri-urban,Vila-seca,41.111956,1.151943,41,2016-07-07,2016,7,7,20,4.0
212,43171001,43171,Vila-seca,peri-urban,Vila-seca,41.111956,1.151943,41,2016-07-07,2016,7,7,21,5.0
213,43171001,43171,Vila-seca,peri-urban,Vila-seca,41.111956,1.151943,41,2016-07-07,2016,7,7,22,5.0
214,43171001,43171,Vila-seca,peri-urban,Vila-seca,41.111956,1.151943,41,2016-07-07,2016,7,7,23,5.0
215,43171001,43171,Vila-seca,peri-urban,Vila-seca,41.111956,1.151943,41,2016-07-07,2016,7,7,0,5.0
216,43171001,43171,Vila-seca,peri-urban,Vila-seca,41.111956,1.151943,41,2016-07-06,2016,7,6,1,6.0
217,43171001,43171,Vila-seca,peri-urban,Vila-seca,41.111956,1.151943,41,2016-07-06,2016,7,6,2,4.0
218,43171001,43171,Vila-seca,peri-urban,Vila-seca,41.111956,1.151943,41,2016-07-06,2016,7,6,3,4.0
219,43171001,43171,Vila-seca,peri-urban,Vila-seca,41.111956,1.151943,41,2016-07-06,2016,7,6,4,3.0
220,43171001,43171,Vila-seca,peri-urban,Vila-seca,41.111956,1.151943,41,2016-07-06,2016,7,6,5,3.0
221,43171001,43171,Vila-seca,peri-urban,Vila-seca,41.111956,1.151943,41,2016-07-06,2016,7,6,6,4.0
222,43171001,43171,Vila-seca,peri-urban,Vila-seca,41.111956,1.151943,41,2016-07-06,2016,7,6,7,5.0
223,43171001,43171,Vila-seca,peri-urban,Vila-seca,41.111956,1.151943,41,2016-07-06,2016,7,6,8,6.0
224,43171001,43171,Vila-seca,peri-urban,Vila-seca,41.111956,1.151943,41,2016-07-06,2016,7,6,9,6.0
225,43171001,43171,Vila-seca,peri-urban,Vila-seca,41.111956,1.151943,41,2016-07-06,2016,7,6,10,5.0
226,43171001,43171,Vila-seca,peri-urban,Vila-seca,41.111956,1.151943,41,2016-07-06,2016,7,6,11,4.0
227,43171001,43171,Vila-seca,peri-urban,Vila-seca,41.111956,1.151943,41,2016-07-06,2016,7,6,12,4.0
228,43171001,43171,Vila-seca,peri-urban,Vila-seca,41.111956,1.151943,41,2016-07-06,2016,7,6,13,3.0
229,43171001,43171,Vila-seca,peri-urban,Vila-seca,41.111956,1.151943,41,2016-07-06,2016,7,6,14,4.0
230,43171001,43171,Vila-seca,peri-urban,Vila-seca,41.111956,1.151943,41,2016-07-06,2016,7,6,15,4.0
231,43171001,43171,Vila-seca,peri-urban,Vila-seca,41.111956,1.151943,41,2016-07-06,2016,7,6,16,5.0
232,43171001,43171,Vila-seca,peri-urban,Vila-seca,41.111956,1.151943,41,2016-07-06,2016,7,6,17,5.0
233,43171001,43171,Vila-seca,peri-urban,Vila-seca,41.111956,1.151943,41,2016-07-06,2016,7,6,18,5.0
234,43171001,43171,Vila-seca,peri-urban,Vila-seca,41.111956,1.151943,41,2016-07-06,2016,7,6,19,5.0
235,43171001,43171,Vila-seca,peri-urban,Vila-seca,41.111956,1.151943,41,2016-07-06,2016,7,6,20,5.0
236,43171001,43171,Vila-seca,peri-urban,Vila-seca,41.111956,1.151943,41,2016-07-06,2016,7,6,21,5.0
237,43171001,43171,Vila-seca,peri-urban,Vila-seca,41.111956,1.151943,41,2016-07-06,2016,7,6,22,6.0
238,43171001,43171,Vila-seca,peri-urban,Vila-seca,41.111956,1.151943,41,2016-07-06,2016,7,6,23,6.0
239,43171001,43171,Vila-seca,peri-urban,Vila-seca,41.111956,1.151943,41,2016-07-06,2016,7,6,0,6.0
240,43171001,43171,Vila-seca,peri-urban,Vila-seca,41.111956,1.151943,41,2016-07-05,2016,7,5,1,5.0
241,43171001,43171,Vila-seca,peri-urban,Vila-seca,41.111956,1.151943,41,2016-07-05,2016,7,5,2,5.0
242,43171001,43171,Vila-seca,peri-urban,Vila-seca,41.111956,1.151943,41,2016-07-05,2016,7,5,3,3.0
243,43171001,43171,Vila-seca,peri-urban,Vila-seca,41.111956,1.151943,41,2016-07-05,2016,7,5,4,5.0
244,43171001,43171,Vila-seca,peri-urban,Vila-seca,41.111956,1.151943,41,2016-07-05,2016,7,5,5,5.0
245,43171001,43171,Vila-seca,peri-urban,Vila-seca,41.111956,1.151943,41,2016-07-05,2016,7,5,6,4.0
246,43171001,43171,Vila-seca,peri-urban,Vila-seca,41.111956,1.151943,41,2016-07-05,2016,7,5,7,5.0
247,43171001,43171,Vila-seca,peri-urban,Vila-seca,41.111956,1.151943,41,2016-07-05,2016,7,5,8,5.0
248,43171001,43171,Vila-seca,peri-urban,Vila-seca,41.111956,1.151943,41,2016-07-05,2016,7,5,9,3.0
249,43171001,43171,Vila-seca,peri-urban,Vila-seca,41.111956,1.151943,41,2016-07-05,2016,7,5,10,3.0
250,43171001,43171,Vila-seca,peri-urban,Vila-seca,41.111956,1.151943,41,2016-07-05,2016,7,5,11,4.0
251,43171001,43171,Vila-seca,peri-urban,Vila-seca,41.111956,1.151943,41,2016-07-05,2016,7,5,12,5.0
252,43171001,43171,Vila-seca,peri-urban,Vila-seca,41.111956,1.151943,41,2016-07-05,2016,7,5,13,4.0
253,43171001,43171,Vila-seca,peri-urban,Vila-seca,41.111956,1.151943,41,2016-07-05,2016,7,5,14,4.0
254,43171001,43171,Vila-seca,peri-urban,Vila-seca,41.111956,1.151943,41,2016-07-05,2016,7,5,15,4.0
255,43171001,43171,Vila-seca,peri-urban,Vila-seca,41.111956,1.151943,41,2016-07-05,2016,7,5,16,4.0
256,43171001,43171,Vila-seca,peri-urban,Vila-seca,41.111956,1.151943,41,2016-07-05,2016,7,5,17,4.0
257,43171001,43171,Vila-seca,peri-urban,Vila-seca,41.111956,1.151943,41,2016-07-05,2016,7,5,18,4.0
258,43171001,43171,Vila-seca,peri-urban,Vila-seca,41.111956,1.151943,41,2016-07-05,2016,7,5,19,3.0
259,43171001,43171,Vila-seca,peri-urban,Vila-seca,41.111956,1.151943,41,2016-07-05,2016,7,5,20,4.0
260,43171001,43171,Vila-seca,peri-urban,Vila-seca,41.111956,1.151943,41,2016-07-05,2016,7,5,21,4.0
261,43171001,43171,Vila-seca,peri-urban,Vila-seca,41.111956,1.151943,41,2016-07-05,2016,7,5,22,6.0
262,43171001,43171,Vila-seca,peri-urban,Vila-seca,41.111956,1.151943,41,2016-07-05,2016,7,5,23,6.0
263,43171001,43171,Vila-seca,peri-urban,Vila-seca,41.111956,1.151943,41,2016-07-05,2016,7,5,0,7.0
264,43171001,43171,Vila-seca,peri-urban,Vila-seca,41.111956,1.151943,41,2016-07-04,2016,7,4,1,6.0
265,43171001,43171,Vila-seca,peri-urban,Vila-seca,41.111956,1.151943,41,2016-07-04,2016,7,4,2,6.0
266,43171001,43171,Vila-seca,peri-urban,Vila-seca,41.111956,1.151943,41,2016-07-04,2016,7,4,3,7.0
267,43171001,43171,Vila-seca,peri-urban,Vila-seca,41.111956,1.151943,41,2016-07-04,2016,7,4,4,9.0
268,43171001,43171,Vila-seca,peri-urban,Vila-seca,41.111956,1.151943,41,2016-07-04,2016,7,4,5,12.0
269,43171001,43171,Vila-seca,peri-urban,Vila-seca,41.111956,1.151943,41,2016-07-04,2016,7,4,6,16.0
270,43171001,43171,Vila-seca,peri-urban,Vila-seca,41.111956,1.151943,41,2016-07-04,2016,7,4,7,15.0
271,43171001,43171,Vila-seca,peri-urban,Vila-seca,41.111956,1.151943,41,2016-07-04,2016,7,4,8,13.0
272,43171001,43171,Vila-seca,peri-urban,Vila-seca,41.111956,1.151943,41,2016-07-04,2016,7,4,9,11.0
273,43171001,43171,Vila-seca,peri-urban,Vila-seca,41.111956,1.151943,41,2016-07-04,2016,7,4,10,8.0
274,43171001,43171,Vila-seca,peri-urban,Vila-seca,41.111956,1.151943,41,2016-07-04,2016,7,4,11,8.0
275,43171001,43171,Vila-seca,peri-urban,Vila-seca,41.111956,1.151943,41,2016-07-04,2016,7,4,12,7.0
276,43171001,43171,Vila-seca,peri-urban,Vila-seca,41.111956,1.151943,41,2016-07-04,2016,7,4,13,7.0
277,43171001,43171,Vila-seca,peri-urban,Vila-seca,41.111956,1.151943,41,2016-07-04,2016,7,4,14,8.0
278,43171001,43171,Vila-seca,peri-urban,Vila-seca,41.111956,1.151943,41,2016-07-04,2016,7,4,15,8.0
279,43171001,43171,Vila-seca,peri-urban,Vila-seca,41.111956,1.151943,41,2016-07-04,2016,7,4,16,8.0
280,43171001,43171,Vila-seca,peri-urban,Vila-seca,41.111956,1.151943,41,2016-07-04,2016,7,4,17,6.0
281,43171001,43171,Vila-seca,peri-urban,Vila-seca,41.111956,1.151943,41,2016-07-04,2016,7,4,18,4.0
282,43171001,43171,Vila-seca,peri-urban,Vila-seca,41.111956,1.151943,41,2016-07-04,2016,7,4,19,4.0
283,43171001,43171,Vila-seca,peri-urban,Vila-seca,41.111956,1.151943,41,2016-07-04,2016,7,4,20,3.0
284,43171001,43171,Vila-seca,peri-urban,Vila-seca,41.111956,1.151943,41,2016-07-04,2016,7,4,21,4.0
285,43171001,43171,Vila-seca,peri-urban,Vila-seca,41.111956,1.151943,41,2016-07-04,2016,7,4,22,4.0
286,43171001,43171,Vila-seca,peri-urban,Vila-seca,41.111956,1.151943,41,2016-07-04,2016,7,4,23,4.0
287,43171001,43171,Vila-seca,peri-urban,Vila-seca,41.111956,1.151943,41,2016-07-04,2016,7,4,0,5.0
288,43171001,43171,Vila-seca,peri-urban,Vila-seca,41.111956,1.151943,41,2016-07-03,2016,7,3,1,6.0
289,43171001,43171,Vila-seca,peri-urban,Vila-seca,41.111956,1.151943,41,2016-07-03,2016,7,3,2,6.0
290,43171001,43171,Vila-seca,peri-urban,Vila-seca,41.111956,1.151943,41,2016-07-03,2016,7,3,3,5.0
291,43171001,43171,Vila-seca,peri-urban,Vila-seca,41.111956,1.151943,41,2016-07-03,2016,7,3,4,5.0
292,43171001,43171,Vila-seca,peri-urban,Vila-seca,41.111956,1.151943,41,2016-07-03,2016,7,3,5,4.0
293,43171001,43171,Vila-seca,peri-urban,Vila-seca,41.111956,1.151943,41,2016-07-03,2016,7,3,6,3.0
294,43171001,43171,Vila-seca,peri-urban,Vila-seca,41.111956,1.151943,41,2016-07-03,2016,7,3,7,3.0
295,43171001,43171,Vila-seca,peri-urban,Vila-seca,41.111956,1.151943,41,2016-07-03,2016,7,3,8,3.0
296,43171001,43171,Vila-seca,peri-urban,Vila-seca,41.111956,1.151943,41,2016-07-03,2016,7,3,9,2.0
297,43171001,43171,Vila-seca,peri-urban,Vila-seca,41.111956,1.151943,41,2016-07-03,2016,7,3,10,2.0
298,43171001,43171,Vila-seca,peri-urban,Vila-seca,41.111956,1.151943,41,2016-07-03,2016,7,3,11,2.0
299,43171001,43171,Vila-seca,peri-urban,Vila-seca,41.111956,1.151943,41,2016-07-03,2016,7,3,12,2.0
300,43171001,43171,Vila-seca,peri-urban,Vila-seca,41.111956,1.151943,41,2016-07-03,2016,7,3,13,2.0
301,43171001,43171,Vila-seca,peri-urban,Vila-seca,41.111956,1.151943,41,2016-07-03,2016,7,3,14,3.0
302,43171001,43171,Vila-seca,peri-urban,Vila-seca,41.111956,1.151943,41,2016-07-03,2016,7,3,15,3.0
303,43171001,43171,Vila-seca,peri-urban,Vila-seca,41.111956,1.151943,41,2016-07-03,2016,7,3,16,4.0
304,43171001,43171,Vila-seca,peri-urban,Vila-seca,41.111956,1.151943,41,2016-07-03,2016,7,3,17,4.0
305,43171001,43171,Vila-seca,peri-urban,Vila-seca,41.111956,1.151943,41,2016-07-03,2016,7,3,18,4.0
306,43171001,43171,Vila-seca,peri-urban,Vila-seca,41.111956,1.151943,41,2016-07-03,2016,7,3,19,4.0
307,43171001,43171,Vila-seca,peri-urban,Vila-seca,41.111956,1.151943,41,2016-07-03,2016,7,3,20,4.0
308,43171001,43171,Vila-seca,peri-urban,Vila-seca,41.111956,1.151943,41,2016-07-03,2016,7,3,21,5.0
309,43171001,43171,Vila-seca,peri-urban,Vila-seca,41.111956,1.151943,41,2016-07-03,2016,7,3,22,6.0
310,43171001,43171,Vila-seca,peri-urban,Vila-seca,41.111956,1.151943,41,2016-07-03,2016,7,3,23,6.0
311,43171001,43171,Vila-seca,peri-urban,Vila-seca,41.111956,1.151943,41,2016-07-03,2016,7,3,0,5.0
312,43171001,43171,Vila-seca,peri-urban,Vila-seca,41.111956,1.151943,41,2016-07-02,2016,7,2,1,9.0
313,43171001,43171,Vila-seca,peri-urban,Vila-seca,41.111956,1.151943,41,2016-07-02,2016,7,2,2,9.0
314,43171001,43171,Vila-seca,peri-urban,Vila-seca,41.111956,1.151943,41,2016-07-02,2016,7,2,3,8.0
315,43171001,43171,Vila-seca,peri-urban,Vila-seca,41.111956,1.151943,41,2016-07-02,2016,7,2,4,10.0
316,43171001,43171,Vila-seca,peri-urban,Vila-seca,41.111956,1.151943,41,2016-07-02,2016,7,2,5,11.0
317,43171001,43171,Vila-seca,peri-urban,Vila-seca,41.111956,1.151943,41,2016-07-02,2016,7,2,6,9.0
318,43171001,43171,Vila-seca,peri-urban,Vila-seca,41.111956,1.151943,41,2016-07-02,2016,7,2,7,9.0
319,43171001,43171,Vila-seca,peri-urban,Vila-seca,41.111956,1.151943,41,2016-07-02,2016,7,2,8,12.0
320,43171001,43171,Vila-seca,peri-urban,Vila-seca,41.111956,1.151943,41,2016-07-02,2016,7,2,9,10.0
321,43171001,43171,Vila-seca,peri-urban,Vila-seca,41.111956,1.151943,41,2016-07-02,2016,7,2,10,5.0
322,43171001,43171,Vila-seca,peri-urban,Vila-seca,41.111956,1.151943,41,2016-07-02,2016,7,2,11,5.0
323,43171001,43171,Vila-seca,peri-urban,Vila-seca,41.111956,1.151943,41,2016-07-02,2016,7,2,12,6.0
324,43171001,43171,Vila-seca,peri-urban,Vila-seca,41.111956,1.151943,41,2016-07-02,2016,7,2,13,6.0
325,43171001,43171,Vila-seca,peri-urban,Vila-seca,41.111956,1.151943,41,2016-07-02,2016,7,2,14,6.0
326,43171001,43171,Vila-seca,peri-urban,Vila-seca,41.111956,1.151943,41,2016-07-02,2016,7,2,15,7.0
327,43171001,43171,Vila-seca,peri-urban,Vila-seca,41.111956,1.151943,41,2016-07-02,2016,7,2,16,6.0
328,43171001,43171,Vila-seca,peri-urban,Vila-seca,41.111956,1.151943,41,2016-07-02,2016,7,2,17,6.0
329,43171001,43171,Vila-seca,peri-urban,Vila-seca,41.111956,1.151943,41,2016-07-02,2016,7,2,18,5.0
330,43171001,43171,Vila-seca,peri-urban,Vila-seca,41.111956,1.151943,41,2016-07-02,2016,7,2,19,5.0
331,43171001,43171,Vila-seca,peri-urban,Vila-seca,41.111956,1.151943,41,2016-07-02,2016,7,2,20,5.0
332,43171001,43171,Vila-seca,peri-urban,Vila-seca,41.111956,1.151943,41,2016-07-02,2016,7,2,21,5.0
333,43171001,43171,Vila-seca,peri-urban,Vila-seca,41.111956,1.151943,41,2016-07-02,2016,7,2,22,7.0
334,43171001,43171,Vila-seca,peri-urban,Vila-seca,41.111956,1.151943,41,2016-07-02,2016,7,2,23,8.0
335,43171001,43171,Vila-seca,peri-urban,Vila-seca,41.111956,1.151943,41,2016-07-02,2016,7,2,0,7.0
336,43171001,43171,Vila-seca,peri-urban,Vila-seca,41.111956,1.151943,41,2016-07-01,2016,7,1,1,8.0
337,43171001,43171,Vila-seca,peri-urban,Vila-seca,41.111956,1.151943,41,2016-07-01,2016,7,1,2,8.0
338,43171001,43171,Vila-seca,peri-urban,Vila-seca,41.111956,1.151943,41,2016-07-01,2016,7,1,3,10.0
339,43171001,43171,Vila-seca,peri-urban,Vila-seca,41.111956,1.151943,41,2016-07-01,2016,7,1,4,12.0
340,43171001,43171,Vila-seca,peri-urban,Vila-seca,41.111956,1.151943,41,2016-07-01,2016,7,1,5,12.0
341,43171001,43171,Vila-seca,peri-urban,Vila-seca,41.111956,1.151943,41,2016-07-01,2016,7,1,6,14.0
342,43171001,43171,Vila-seca,peri-urban,Vila-seca,41.111956,1.151943,41,2016-07-01,2016,7,1,7,13.0
343,43171001,43171,Vila-seca,peri-urban,Vila-seca,41.111956,1.151943,41,2016-07-01,2016,7,1,8,13.0
344,43171001,43171,Vila-seca,peri-urban,Vila-seca,41.111956,1.151943,41,2016-07-01,2016,7,1,9,11.0
345,43171001,43171,Vila-seca,peri-urban,Vila-seca,41.111956,1.151943,41,2016-07-01,2016,7,1,10,7.0
346,43171001,43171,Vila-seca,peri-urban,Vila-seca,41.111956,1.151943,41,2016-07-01,2016,7,1,11,6.0
347,43171001,43171,Vila-seca,peri-urban,Vila-seca,41.111956,1.151943,41,2016-07-01,2016,7,1,12,5.0
348,43171001,43171,Vila-seca,peri-urban,Vila-seca,41.111956,1.151943,41,2016-07-01,2016,7,1,13,5.0
349,43171001,43171,Vila-seca,peri-urban,Vila-seca,41.111956,1.151943,41,2016-07-01,2016,7,1,14,4.0
350,43171001,43171,Vila-seca,peri-urban,Vila-seca,41.111956,1.151943,41,2016-07-01,2016,7,1,15,4.0
351,43171001,43171,Vila-seca,peri-urban,Vila-seca,41.111956,1.151943,41,2016-07-01,2016,7,1,16,5.0
352,43171001,43171,Vila-seca,peri-urban,Vila-seca,41.111956,1.151943,41,2016-07-01,2016,7,1,17,4.0
353,43171001,43171,Vila-seca,peri-urban,Vila-seca,41.111956,1.151943,41,2016-07-01,2016,7,1,18,5.0
354,43171001,43171,Vila-seca,peri-urban,Vila-seca,41.111956,1.151943,41,2016-07-01,2016,7,1,19,4.0
355,43171001,43171,Vila-seca,peri-urban,Vila-seca,41.111956,1.151943,41,2016-07-01,2016,7,1,20,4.0
356,43171001,43171,Vila-seca,peri-urban,Vila-seca,41.111956,1.151943,41,2016-07-01,2016,7,1,21,5.0
357,43171001,43171,Vila-seca,peri-urban,Vila-seca,41.111956,1.151943,41,2016-07-01,2016,7,1,22,6.0
358,43171001,43171,Vila-seca,peri-urban,Vila-seca,41.111956,1.151943,41,2016-07-01,2016,7,1,23,7.0
359,43171001,43171,Vila-seca,peri-urban,Vila-seca,41.111956,1.151943,41,2016-07-01,2016,7,1,0,8.0
